{"cameraMode":{"drawMode":0,"name":"Shaded","section":"Shading Mode"},"sceneLighting":true,"audioPlay":false,"sceneViewState":{"m_AlwaysRefresh":false,"showFog":true,"showSkybox":true,"showFlares":true,"showImageEffects":true,"showParticleSystems":true,"showVisualEffectGraphs":true,"m_FxEnabled":true},"in2DMode":false,"pivot":{"x":18.47317886352539,"y":27.963794708251954,"z":-184.1438446044922},"rotation":{"x":-0.007499516475945711,"y":-0.010499515570700169,"z":-0.00007874862785683945,"w":0.9999169707298279},"size":90.46845245361328,"orthographic":true}